nrec,title,author,date,url
2,[問卦] 高平陵之變如果曹操+五子良將擋得住嗎,peacemetta,6/09,https://www.ptt.cc/bbs/Gossiping/M.1781011613.A.5B9.html
,[爆卦] 嘉義縣明日正常上班、正常上課,JHENGKUNLIN,6/09,https://www.ptt.cc/bbs/Gossiping/M.1781011618.A.765.html
2,[問卦] 未來幾天有機會下雨下到放假嗎？,GivemeApen,6/09,https://www.ptt.cc/bbs/Gossiping/M.1781011625.A.C8E.html
8,[新聞] 板橋「黑賓士毒駕拒檢」！警連開8槍逮,WuSam,6/09,https://www.ptt.cc/bbs/Gossiping/M.1781011633.A.D6B.html
,[問卦] 這次打世界盃的台灣邦交國有2個,william11136,6/09,https://www.ptt.cc/bbs/Gossiping/M.1781011672.A.E17.html
3,[問卦] 為啥三民自裡面只剩嘴砲攻擊？,ihl123456,6/09,https://www.ptt.cc/bbs/Gossiping/M.1781011717.A.DC3.html
3,[問卦] 新竹預售屋這麼貴 當工程師真的賺這多?,peterlin495,6/09,https://www.ptt.cc/bbs/Gossiping/M.1781011789.A.616.html
5,[新聞] 殷瑋狂答…何孟樺氣炸：我要蔣萬安裁決！,zainc,6/09,https://www.ptt.cc/bbs/Gossiping/M.1781011852.A.3CC.html
,Re: [問卦] 無人機不是中共在玩的嗎？ 我們幹嘛要學,gowang19,6/09,https://www.ptt.cc/bbs/Gossiping/M.1781011868.A.40B.html
1,[問卦] 說台灣跟東南亞差不多是在造謠嗎？,kinjk01,6/09,https://www.ptt.cc/bbs/Gossiping/M.1781011885.A.409.html
3,[問卦] 鐵拳教育是不是滿真實的？,Lineage097,6/09,https://www.ptt.cc/bbs/Gossiping/M.1781011937.A.389.html
,[問卦] 如果曹爽完全有曹操的個性及謀略會怎樣,onetiger,6/09,https://www.ptt.cc/bbs/Gossiping/M.1781012005.A.8D0.html
5,[問卦] 威力彩 ９億了...,crotexm,6/09,https://www.ptt.cc/bbs/Gossiping/M.1781012054.A.ED0.html
1,[問卦] 兩個人問兩個AI，出現兩個不同的答案?,pp5434,6/09,https://www.ptt.cc/bbs/Gossiping/M.1781012174.A.FB7.html
2,[新聞] 5歲孩子竟非親生！人夫驗DNA揭真相,DJSHD2,6/09,https://www.ptt.cc/bbs/Gossiping/M.1781012185.A.C46.html
7,[問卦] 垃圾LINE，傳原圖也要收錢,a22663564,6/09,https://www.ptt.cc/bbs/Gossiping/M.1781012262.A.F00.html
1,[問卦] 為什麼台北的西門町很多四川地名？,MoreLight,6/09,https://www.ptt.cc/bbs/Gossiping/M.1781012337.A.E0B.html
1,[問卦] 毒駕政府到底什麼時候才要重視,atp3306,6/09,https://www.ptt.cc/bbs/Gossiping/M.1781012375.A.B37.html
2,[問卦] 貓貓會記仇嗎？？？？,mk203125,6/09,https://www.ptt.cc/bbs/Gossiping/M.1781012403.A.4F3.html
1,Re: [新聞] 中國海警進入日本與那國島EEZ　首次主張,jma306,6/09,https://www.ptt.cc/bbs/Gossiping/M.1781012459.A.819.html
爆,[公告] 豐川祥子誕生日八卦板主徵選報名開始,ubcs,2/14,https://www.ptt.cc/bbs/Gossiping/M.1771040474.A.61B.html
,[公告] 八卦板板規(2026.02.21),ubcs,2/21,https://www.ptt.cc/bbs/Gossiping/M.1771671779.A.6ED.html
15,[公告] 【八卦美學獎】梗圖吐槽，共鳴豹紋笑翻！,August2006,11/01,https://www.ptt.cc/bbs/Gossiping/M.1761980569.A.84C.html
91,Fw: [公告] 不當連結相關申訴,ubcs,6/01,https://www.ptt.cc/bbs/Gossiping/M.1780294393.A.794.html
爆,[公告] 縱使法律辦不到你板規絕對辦的到你 水桶,ubcs,6/04,https://www.ptt.cc/bbs/Gossiping/M.1780555095.A.F5D.html
